{
	 "rootnode": {
		 "name": "RootNode"
		,"transformation": [
			 1
			,0
			,0
			,0
			,0
			,1
			,0
			,0
			,0
			,0
			,1
			,0
			,0
			,0
			,0
			,1
		]
		,"children": [
			{
				 "name": "Cube"
				,"transformation": [
					 57.197
					,-0.26714
					,-0.214845
					,0
					,0.217121
					,0.488518
					,57.1955
					,0
					,-0.265294
					,-57.1953
					,0.489523
					,0
					,0
					,0
					,0
					,1
				]
				,"meshes": [
					 0
				]
			}
			,{
				 "name": "Lamp"
				,"transformation": [
					 -29.0865
					,56.6393
					,77.1101
					,407.625
					,-5.5189
					,79.4672
					,-60.4525
					,590.386
					,-95.5171
					,-21.8391
					,-19.9883
					,-100.545
					,0
					,0
					,0
					,1
				]
			}
			,{
				 "name": "Camera"
				,"transformation": [
					 -65.1558
					,-32.4013
					,68.5921
					,748.113
					,-44.5271
					,89.5396
					,-1.19209e-005
					,534.367
					,-61.417
					,-30.5421
					,-72.7676
					,650.764
					,0
					,0
					,0
					,1
				]
			}
		]
	}
	,"flags": 8
	,"meshes": [
		{
			 "name": "Cube"
			,"materialindex": 0
			,"primitivetypes": 4
			,"vertices": [
				 0.205798
				,5.40401
				,-0.269695
				,0.157977
				,-5.26871
				,-0.182211
				,-0.205721
				,-5.31653
				,-0.182134
				,-0.1579
				,5.35619
				,-0.269618
				,0.205721
				,5.31652
				,0.182134
				,-0.157977
				,5.26871
				,0.182211
				,-0.205798
				,-5.40401
				,0.269695
				,0.1579
				,-5.35619
				,0.269619
				,0.205798
				,5.40401
				,-0.269695
				,0.205721
				,5.31652
				,0.182134
				,0.1579
				,-5.35619
				,0.269619
				,0.157977
				,-5.26871
				,-0.182211
				,0.157977
				,-5.26871
				,-0.182211
				,0.1579
				,-5.35619
				,0.269619
				,-0.205798
				,-5.40401
				,0.269695
				,-0.205721
				,-5.31653
				,-0.182134
				,-0.205721
				,-5.31653
				,-0.182134
				,-0.205798
				,-5.40401
				,0.269695
				,-0.157977
				,5.26871
				,0.182211
				,-0.1579
				,5.35619
				,-0.269618
				,0.205721
				,5.31652
				,0.182134
				,0.205798
				,5.40401
				,-0.269695
				,-0.1579
				,5.35619
				,-0.269618
				,-0.157977
				,5.26871
				,0.182211
			]
			,"normals": [
				 0.000867084
				,-0.0082006
				,-0.999966
				,0.000867084
				,-0.0082006
				,-0.999966
				,0.000867084
				,-0.0082006
				,-0.999966
				,0.000867084
				,-0.0082006
				,-0.999966
				,-0.000867102
				,0.00820061
				,0.999966
				,-0.000867102
				,0.00820061
				,0.999966
				,-0.000867102
				,0.00820061
				,0.999966
				,-0.000867102
				,0.00820061
				,0.999966
				,0.99999
				,-0.00448637
				,-0.00069889
				,0.99999
				,-0.00448637
				,-0.00069889
				,0.99999
				,-0.00448637
				,-0.00069889
				,0.99999
				,-0.00448637
				,-0.00069889
				,0.127977
				,-0.973697
				,-0.188509
				,0.127977
				,-0.973697
				,-0.188509
				,0.127977
				,-0.973697
				,-0.188509
				,0.127977
				,-0.973697
				,-0.188509
				,-0.99999
				,0.00448637
				,0.000698866
				,-0.99999
				,0.00448637
				,0.000698866
				,-0.99999
				,0.00448637
				,0.000698866
				,-0.99999
				,0.00448637
				,0.000698866
				,-0.127979
				,0.973697
				,0.18851
				,-0.127979
				,0.973697
				,0.18851
				,-0.127979
				,0.973697
				,0.18851
				,-0.127979
				,0.973697
				,0.18851
			]
			,"tangents": [
				 -0.99999
				,0.00448078
				,-0.000903851
				,-0.99999
				,0.00447815
				,-0.000903829
				,-0.99999
				,0.00448078
				,-0.000903851
				,-0.99999
				,0.00448078
				,-0.000903851
				,0.99999
				,-0.00448873
				,0.000903934
				,0.99999
				,-0.00448173
				,0.000903876
				,0.99999
				,-0.00448873
				,0.000903934
				,0.99999
				,-0.00448873
				,0.000903934
				,0.000735631
				,0.00819324
				,0.999966
				,0.000735647
				,0.0081967
				,0.999966
				,0.000735631
				,0.00819324
				,0.999966
				,0.000735631
				,0.00819324
				,0.999966
				,-0.991477
				,-0.130282
				,-0.000167627
				,-0.991477
				,-0.130281
				,-0.000168654
				,-0.991477
				,-0.130282
				,-0.000167627
				,-0.991477
				,-0.130282
				,-0.000167627
				,0.000735608
				,0.00819325
				,0.999966
				,0.000735629
				,0.00819786
				,0.999966
				,0.000735608
				,0.00819325
				,0.999966
				,0.000735608
				,0.00819325
				,0.999966
				,0.991477
				,0.130284
				,0.000168834
				,0.991477
				,0.130284
				,0.000167579
				,0.991477
				,0.130284
				,0.000168834
				,0.991477
				,0.130284
				,0.000168834
			]
			,"bitangents": [
				 0.00448058
				,0.999956
				,-0.00819663
				,0.00448059
				,0.999956
				,-0.00819663
				,0.00448058
				,0.999956
				,-0.00819663
				,0.00448058
				,0.999956
				,-0.00819663
				,-0.0044805
				,-0.999956
				,0.00819664
				,-0.00448049
				,-0.999956
				,0.00819664
				,-0.0044805
				,-0.999956
				,0.00819664
				,-0.0044805
				,-0.999956
				,0.00819664
				,0.00448049
				,0.999956
				,-0.00819661
				,0.00448049
				,0.999956
				,-0.00819662
				,0.00448049
				,0.999956
				,-0.00819661
				,0.00448049
				,0.999956
				,-0.00819661
				,-0.000166425
				,-0.190093
				,0.981766
				,-0.000166946
				,-0.190093
				,0.981766
				,-0.000166425
				,-0.190093
				,0.981766
				,-0.000166425
				,-0.190093
				,0.981766
				,0.00448049
				,0.999956
				,-0.00819662
				,0.00448049
				,0.999956
				,-0.00819663
				,0.00448049
				,0.999956
				,-0.00819662
				,0.00448049
				,0.999956
				,-0.00819662
				,0.000166241
				,0.190094
				,-0.981766
				,0.000166942
				,0.190094
				,-0.981766
				,0.000166241
				,0.190094
				,-0.981766
				,0.000166241
				,0.190094
				,-0.981766
			]
			,"numuvcomponents": [
				 2
			]
			,"texturecoords": [
				[
					 0.0842254
					,8.51409e-005
					,0.0842253
					,0.991422
					,0.117987
					,0.996015
					,0.117987
					,0.00467815
					,0.151919
					,0.996015
					,0.118157
					,0.991422
					,0.118157
					,8.51409e-005
					,0.151919
					,0.00467799
					,8.51409e-005
					,8.51409e-005
					,0.0419849
					,0.00855504
					,0.0419849
					,0.999915
					,8.51797e-005
					,0.991445
					,0.152089
					,0.0420658
					,0.152089
					,9.79963e-005
					,0.185871
					,8.51409e-005
					,0.185871
					,0.0420529
					,0.0421552
					,0.991445
					,0.084055
					,0.999915
					,0.084055
					,0.00855466
					,0.0421552
					,8.51409e-005
					,0.185871
					,0.0842039
					,0.185871
					,0.0422361
					,0.152089
					,0.0422489
					,0.152089
					,0.0842167
				]
			]
			,"faces": [
				[
					 0
					,1
					,2
				]
				,[
					 0
					,2
					,3
				]
				,[
					 4
					,5
					,6
				]
				,[
					 4
					,6
					,7
				]
				,[
					 8
					,9
					,10
				]
				,[
					 8
					,10
					,11
				]
				,[
					 12
					,13
					,14
				]
				,[
					 12
					,14
					,15
				]
				,[
					 16
					,17
					,18
				]
				,[
					 16
					,18
					,19
				]
				,[
					 20
					,21
					,22
				]
				,[
					 20
					,22
					,23
				]
			]
		}
	]
	,"materials": [
		{
			 "properties": [
				{
					 "key": "?mat.name"
					,"semantic": 0
					,"index": 0
					,"type": 3
					,"value": "Material"
				}
				,{
					 "key": "$clr.diffuse"
					,"semantic": 0
					,"index": 0
					,"type": 1
					,"value": [
						 0.64
						,0.64
						,0.64
					]
				}
				,{
					 "key": "$clr.emissive"
					,"semantic": 0
					,"index": 0
					,"type": 1
					,"value": [
						 0
						,0
						,0
					]
				}
				,{
					 "key": "$clr.ambient"
					,"semantic": 0
					,"index": 0
					,"type": 1
					,"value": [
						 0
						,0
						,0
					]
				}
				,{
					 "key": "$clr.specular"
					,"semantic": 0
					,"index": 0
					,"type": 1
					,"value": [
						 0.25
						,0.25
						,0.25
					]
				}
				,{
					 "key": "$mat.shinpercent"
					,"semantic": 0
					,"index": 0
					,"type": 1
					,"value": 9.60784
				}
				,{
					 "key": "$mat.shininess"
					,"semantic": 0
					,"index": 0
					,"type": 1
					,"value": 9.60784
				}
				,{
					 "key": "$tex.file"
					,"semantic": 1
					,"index": 0
					,"type": 3
					,